entrada,respuesta
hola,"Hola, ¿en qué puedo ayudarte?"
buenos días,"Buenos días, espero que tengas un excelente día"
buenas tardes,"Buenas tardes, ¿cómo estás?"
buenas noches,"Buenas noches, que descanses"
qué tal,¡Hola! ¿Qué tal todo?
cómo estás,"Estoy bien, gracias por preguntar"
cómo te va,"Todo marcha bien, ¿y tú?"
qué hay de nuevo,"No mucho, ¿y tú qué cuentas?"
qué haces,Estoy aquí para ayudarte
me alegra verte,¡Qué bueno verte!
estoy bien,Me alegra escuchar eso
no muy bien,Espero que pronto te sientas mejor
estoy triste,"Ánimo, aquí estoy si necesitas hablar"
me siento feliz,¡Qué bueno que estés feliz!
estoy cansado,"Descansa un poco, te lo mereces"
estoy enfermo,"Cuídate mucho, espero que te mejores"
estoy emocionado,¡Eso suena emocionante!
tengo ansiedad,"Respira hondo, todo estará bien"
estoy aburrido,Tal vez necesites un cambio de actividad
me siento motivado,¡Sigue con esa motivación!
estoy trabajando,Trabaja con calma y enfócate
estoy estudiando,"Sigue estudiando, ¡tú puedes!"
viendo una película,Espero que disfrutes la película
jugando videojuegos,Diviértete jugando
leyendo un libro,¡Qué buen hábito!
haciendo deporte,Hacer ejercicio es excelente
cocinando,¡Cocinar puede ser divertido!
limpiando la casa,Qué bien que mantengas todo limpio
paseando al perro,¡Qué ternura!
descansando,Descansar es importante también
qué puedes hacer,Puedo responder preguntas y conversar contigo
quién eres,Soy un asistente virtual diseñado para ayudarte
me puedes ayudar,"Claro, dime qué necesitas"
qué sabes,Sé responder sobre muchos temas
qué eres,Soy una inteligencia artificial
puedes hablar conmigo,"Sí, estoy aquí para ti"
sabes programar,"Sí, tengo conocimientos de programación"
me puedes contar un chiste,"Claro, aquí va uno: ¿Qué hace una abeja en el gimnasio? ¡Zum-ba!"
sabes qué hora es,"No tengo un reloj, pero puedes usar tu móvil"
cuál es tu nombre,Puedes llamarme ChatGPT
tengo hambre,Quizás sea momento de comer algo
tengo frío,Abrígate bien
me duele la cabeza,Deberías descansar un poco
me siento solo,Estoy aquí para ti
estoy preocupado,"Todo estará bien, te apoyo"
quiero hablar,"Claro, cuéntame lo que quieras"
necesito ayuda,Estoy aquí para ayudarte
tengo una pregunta,Pregunta lo que necesites
me puedes escuchar,Siempre te escucho
quiero contarte algo,"Adelante, soy todo oídos"
adiós,"Adiós, hasta la próxima"
hasta luego,Nos vemos pronto
nos vemos,Hasta luego
cuídate,Cuídate mucho
chau,Chau chau
hasta pronto,Espero verte pronto
fue un gusto,El gusto fue mío
gracias por tu ayuda,"Con gusto, siempre estoy aquí"
que tengas buen día,"Igualmente, que tengas un gran día"
te veré después,Nos vemos más adelante
gracias,Gracias a ti
muchas gracias,¡Muchas gracias!
de nada,"De nada, cuando quieras"
no hay problema,"No hay problema, encantado de ayudarte"
con gusto,Con todo gusto
fue un placer,"Gracias, para mí también fue un placer"
lo aprecio,"Gracias, lo valoro mucho"
encantado de ayudarte,Estoy feliz de ayudarte
no hay de qué,No hay de qué preocuparse
siempre que lo necesites,Cuenta conmigo cuando lo necesites
me gusta la música,¡Qué genial! La música es maravillosa
me encanta viajar,Viajar abre la mente y el corazón
quiero aprender algo nuevo,Nunca es tarde para aprender
cuéntame una curiosidad,¿Sabías que los pulpos tienen tres corazones?
cuál es la capital de Francia,La capital de Francia es París
recomiéndame una película,Te recomiendo ver 'Intensamente 2'
dime una frase motivadora,"Cree en ti, ¡puedes lograrlo!"
cómo aprender inglés,Te recomiendo practicar todos los días
qué es inteligencia artificial,Es una rama de la informática que crea sistemas inteligentes
cuáles son tus habilidades,"Puedo conversar, responder preguntas y ayudarte a aprender"
sí,¡Genial!
no,"Oh, entiendo"
tal vez,"Bueno, eso puede ser"
no lo sé,No te preocupes si no sabes
creo que sí,Eso suena posible
creo que no,Es probable que no
depende,Depende del contexto
a veces,Eso sucede a veces
claro,Perfecto
por supuesto,¡Claro que sí!
qué tal tu día,"Todo bien, gracias por preguntar"
cómo va todo,"Va todo bien, ¿y tú?"
qué novedades hay,Nada nuevo por ahora
cómo amaneciste,"Amanecí bien, gracias"
qué planes tienes hoy,Tengo varios planes interesantes hoy
me siento genial,¡Eso es genial!
ando decaído,"Lo siento, espero que mejores"
estoy lleno de energía,¡Esa energía es contagiosa!
me siento enfermo,Deberías visitar al médico
ando distraído,Intenta concentrarte poco a poco
voy al trabajo,Espero que tengas un buen día laboral
voy a cocinar,¡Buen provecho cocinando!
estoy haciendo yoga,El yoga es excelente para la mente y cuerpo
estoy paseando,Pasear es relajante
voy a salir con amigos,Diviértete con tus amigos
qué puedes contarme,Puedo conversar sobre muchos temas
puedes resolver dudas,"Sí, puedo ayudarte con preguntas"
para qué sirves,Estoy diseñado para asistirte
cómo funcionas,Funciono mediante inteligencia artificial
cuál es tu objetivo,Mi objetivo es ayudarte y acompañarte
me gusta el cine,¡El cine es fascinante!
me encanta bailar,¡Qué divertido bailar!
tengo sueño,Deberías descansar un poco
necesito consejo,Dime en qué necesitas consejo
quiero escuchar una historia,Aquí va una historia: Había una vez...
nos vemos luego,¡Nos vemos más tarde!
que te vaya bien,Te deseo lo mejor
espero verte pronto,¡Hasta pronto!
hasta la próxima,Cuídate y vuelve pronto
nos hablamos,Seguimos en contacto
te agradezco mucho,¡Te lo agradezco también!
mil gracias,¡Mil gracias a ti!
eres muy amable,¡Eres muy amable también!
gracias por estar aquí,Siempre estoy aquí para ayudarte
estoy agradecido,Gracias por tus palabras
me gusta la inteligencia artificial,¡La IA es un campo fascinante!
quiero programar un juego,Crear juegos es muy divertido
qué sabes de historia,Sé bastante de historia mundial
cómo se hace un pastel,Se mezclan los ingredientes y se hornea
cuál es tu deporte favorito,Me gusta el fútbol
puede ser,Podría ser una opción
eso creo,Eso es posible
no estoy seguro,No te preocupes si no estás seguro
ni idea,¡Investiguemos juntos!
quizás más tarde,Quizás después sea buen momento
